layers,atempt,train_loss,validation_loss,validation_test,generalisation_x2,generalisation_x4
1,0,"[3.2514168548583986, 3.130403869628906, 3.0979764862060546, 3.0866073279380797, 3.07727200961113, 3.0708814039230345, 3.062118298768997, 3.048174768924713, 3.040329885005951, 3.0373004858493804, 3.0343323662281034, 3.0323740594387054, 3.0306592674255373, 3.029274948835373, 3.028191293716431, 3.0280784714221953, 3.026503355264664, 3.0251351237297057, 3.024141104698181, 3.024339156627655, 3.023201163768768, 3.021922927618027, 3.0209409000873566, 3.019824306488037, 3.0195582258701323, 3.018729909181595, 3.0148384079933166, 3.0136959857940675, 3.012378442764282, 3.011732587814331, 3.011242938518524, 3.010782545566559, 3.009831814527512, 3.009475151062012, 3.010044981479645, 3.008323574781418, 3.008758709669113, 3.0084090576171874, 3.0090467221736907, 3.0076223707199095, 3.0074015560150147, 3.007050340414047, 3.006589636802673, 3.00740744304657, 3.0061075150966645, 3.006030250072479, 3.006258645296097, 3.0057470281124115, 3.0050967032909393, 3.00535652422905, 3.004630813121796, 3.00461830329895, 3.0046206469535828, 3.0033435645103457, 3.0044302291870117, 3.0035620868206023, 3.003189649105072, 3.0029102506637573, 3.0019778618812563, 3.0014820442199706, 3.0022770187854766, 3.0021938157081602, 3.0017413301467895, 3.001146648168564, 3.0014616034030914, 3.0010190529823304, 3.0015388309955595, 3.000204060792923, 2.999790343284607, 3.000123127937317, 2.9995323651895736]",2.9994147047257433,"(0.999, 0.987, 0.039)","(0.004, 0.0, 0.0)","(0.001, 0.0, 0.0)"
1,1,"[3.248278518676758, 3.1379422266483306, 3.108259462118149, 3.0928143439292906, 3.0634451031684877, 3.050784141778946, 3.0456832206249236, 3.0393851363658904, 3.0357472140789032, 3.033632108449936, 3.0312602643966673, 3.0287905390262604, 3.0271311061382296, 3.0252995231151583, 3.0231801199913027, 3.0225391738414764, 3.0212526059150697, 3.0191485176086426, 3.0180406050682067, 3.017916278600693, 3.0166338829994204, 3.0154216203689574, 3.0149332752227784, 3.0149983475208284, 3.014484773874283, 3.01375022315979, 3.0129563977718354, 3.0116805114746095, 3.0110448212623595, 3.010889063119888, 3.0109880645275116, 3.0102775344848633, 3.009573574304581, 3.0093101456165314, 3.0097292923927306, 3.0081098868846894, 3.008067490339279, 3.0081302540302275, 3.0083802518844602, 3.0073437311649323, 3.007368419647217, 3.006570408821106, 3.0064442274570466, 3.0070545551776884, 3.0058347918987276, 3.0062980797290804, 3.006123377799988, 3.006145431280136, 3.005424011707306, 3.005813516616821, 3.00534135389328, 3.0052111840248106, 3.00536891579628, 3.0046210062503813, 3.0053082704544067, 3.004685177087784, 3.004038317680359, 3.0042288608551027, 3.0037903351783752, 3.0032568521499634, 3.0041123695373537, 3.0038923163414, 3.0033989791870117, 3.0032246069908144, 3.0035860767364504, 3.0030274460315702, 3.003616096973419, 3.002879398107529, 3.0030658404827117, 3.0033337807655336, 3.0023290006497416]",3.0022307712931373,"(0.998, 0.988, 0.044)","(0.0, 0.0, 0.0)","(0.0, 0.0, 0.0)"
1,2,"[3.2652645225524903, 3.1369180991649626, 3.097322318315506, 3.0810162851810454, 3.059702494621277, 3.0487218630313873, 3.0422036991119383, 3.038553798675537, 3.035592668533325, 3.0336857907772066, 3.031752367973328, 3.029424600362778, 3.028149183988571, 3.027773067474365, 3.025934231996536, 3.026246287584305, 3.0250327615737915, 3.0237310781478883, 3.0222812135219574, 3.0219306502342222, 3.020984923362732, 3.0204308698177336, 3.01947811794281, 3.0197329115867615, 3.019039857149124, 3.017814800024033, 3.015132824420929, 3.0140557138919832, 3.0127513661384584, 3.011906445503235, 3.011186574220657, 3.0105494511127473, 3.009909749507904, 3.0093997166156767, 3.0099353840351104, 3.0082759668827057, 3.0087743360996244, 3.0084259343147277, 3.0089202637672425, 3.007830514192581, 3.007740212917328, 3.0070818188190462, 3.0065631659030916, 3.007127981185913, 3.005890277147293, 3.006433974981308, 3.0062675375938417, 3.005957753896713, 3.005630381345749, 3.0061590070724487, 3.005198407411575, 3.004974287033081, 3.005514396905899, 3.0043554298877715, 3.0050318706035615, 3.0045150427818297, 3.0040183463096617, 3.00381773686409, 3.003529777288437, 3.002169696569443, 3.002848843336105, 3.002685862779617, 3.002229566335678, 3.0018485171794893, 3.001982746601105, 3.001311008214951, 3.0017579743862153, 3.001505271434784, 3.001035000562668, 3.001291465997696, 3.000213995528297]",3.0005183087471856,"(0.995, 0.99, 0.047)","(0.0, 0.0, 0.0)","(0.0, 0.0, 0.0)"
1,3,"[3.242722779035568, 3.125573392629623, 3.0995256288051607, 3.0838554782867433, 3.07158771276474, 3.065939404249191, 3.04939257979393, 3.040691119194031, 3.036725452661514, 3.034073451280594, 3.0318094537258147, 3.029585082769394, 3.0281583585739136, 3.026615725517273, 3.025462212562561, 3.0252780423164367, 3.0232484240531923, 3.0222946844100953, 3.0216263227462767, 3.022067217588425, 3.0210232870578766, 3.0200446255207063, 3.0195123572349547, 3.0192751357555387, 3.0188629648685454, 3.0189830870628356, 3.017952100753784, 3.017512088775635, 3.0140907430648802, 3.0129262034893034, 3.012496024131775, 3.0122459774017334, 3.0112909977436066, 3.0113236541748045, 3.011493973016739, 3.010123478651047, 3.010506914615631, 3.0102204151153567, 3.0106513886451722, 3.009695744752884, 3.009417706489563, 3.008817538022995, 3.0086099531650543, 3.0092325706481935, 3.0083029708862306, 3.0086606450080873, 3.0085108222961425, 3.0071962065696716, 3.006668011665344, 3.007387151956558, 3.006585749387741, 3.0065391294956205, 3.0062997670173646, 3.0056796164512636, 3.00570592546463, 3.0047101094722746, 3.004297075510025, 3.004055359363556, 3.0035583159923553, 3.0028959238529205, 3.003441330909729, 3.0036694371700285, 3.003147284030914, 3.0028516073226927, 3.0025652015209197, 3.0024387242794037, 3.002469258785248, 3.001859727859497, 3.0021144585609436, 3.002757504701614, 3.0012229334432097]",3.0020533905861764,"(0.996, 0.991, 0.035)","(0.0, 0.0, 0.0)","(0.0, 0.0, 0.0)"
1,4,"[3.277780510663986, 3.1528806200027466, 3.1083678801059724, 3.0872426888942717, 3.0805725049972534, 3.0752795696258546, 3.0725339617729186, 3.071294743299484, 3.068637286901474, 3.0669963631629944, 3.0648405606746674, 3.0644363939762114, 3.0636303467750547, 3.0631389050483704, 3.0621600306034087, 3.0621438963413237, 3.0608685185909272, 3.0608077561855316, 3.059936140060425, 3.0606608221530913, 3.0600299649238587, 3.0593268260955813, 3.0590845625400545, 3.0591824579238893, 3.0594576964378355, 3.059348832130432, 3.0584710018634795, 3.057950177192688, 3.057980447769165, 3.0575910820960996, 3.057240556001663, 3.057254499912262, 3.0565082840919495, 3.0559453670978547, 3.056106119632721, 3.054838940620422, 3.05532502746582, 3.0547489938735963, 3.05525928902626, 3.054744812488556, 3.0548659763336183, 3.0540234537124635, 3.0539807591438293, 3.053738293170929, 3.052753615617752, 3.0535571746826173, 3.0537358145713807, 3.053407055139542, 3.0532818298339843, 3.054028613090515, 3.0533136036396025, 3.0514144914150236, 3.0514559795856475, 3.0501750755310058, 3.051516113996506, 3.049508144617081, 3.0484043033123016, 3.047784698486328, 3.047079264163971, 3.0455398437976835, 3.04662744140625, 3.0438401253223417, 3.0419459233283996, 3.0397661950588226, 3.0379177448749544, 3.0365548207759856, 3.036175485372543, 3.0343360595703124, 3.0329110887050628, 3.0330593101978303, 3.0309535581082963]",3.0289985271814186,"(0.981, 0.965, 0.033)","(0.001, 0.0, 0.0)","(0.0, 0.0, 0.0)"
2,0,"[3.256928430557251, 3.1238537871837617, 3.0711502895355225, 3.0518516087532044, 3.0427938656806948, 3.038154707431793, 3.0320408205986022, 3.0284156959056854, 3.0245748488903046, 3.022712720632553, 3.0208565945625305, 3.0186575412750245, 3.0171740536689757, 3.015838395357132, 3.0148869791030886, 3.014599608421326, 3.0134951810836794, 3.0118864727020265, 3.0027220330238342, 2.9902760162353514, 2.9811337773799895, 2.954980870723724, 2.942077224254608, 2.938609049081802, 2.9364156353473665, 2.932736960411072, 2.929749412059784, 2.925292922973633, 2.9224568288326265, 2.918286980390549, 2.9129292805194855, 2.910014279603958, 2.9066306369304655, 2.904023849248886, 2.9014469542503356, 2.898237375020981, 2.8962635283470153, 2.8950123181343077, 2.8933793845176696, 2.890515091896057, 2.889758444070816, 2.88811376786232, 2.885995113134384, 2.8847743830680845, 2.884488844156265, 2.8831399993896483, 2.881626985311508, 2.880677481889725, 2.8791921312808992, 2.8782849678993223, 2.8774510147571566, 2.8760511326789855, 2.876328609228134, 2.874594242334366, 2.873697518825531, 2.873381992816925, 2.872461706161499, 2.86977108836174, 2.8678073086738585, 2.8681864874362946, 2.8671749320030213, 2.8660355279445646, 2.865730390548706, 2.864001811027527, 2.863421382665634, 2.862607100725174, 2.861702001094818, 2.859427570581436, 2.8591779456138613, 2.8580871691703797, 2.8562700976959814]",2.856518574748472,"(0.979, 0.964, 0.294)","(0.03, 0.028, 0.0)","(0.026, 0.025, 0.0)"
2,1,"[3.2368220107555388, 3.1087269229888914, 3.0684537928104403, 3.053299208402634, 3.043615343093872, 3.039240472316742, 3.033256481409073, 3.0304943072795867, 3.0275259413719176, 3.024966134786606, 3.0226814353466036, 3.019898111820221, 3.018303859949112, 3.017458545923233, 3.016364837884903, 3.0158365995883942, 3.015085183143616, 3.01386390042305, 3.012940047502518, 3.0119942009449003, 3.0108511202335357, 3.0100503017902374, 3.009240467071533, 3.0092936120033262, 3.0090452406406403, 3.0087227544784545, 3.0078289177417754, 3.007191243171692, 3.0059829919338226, 3.0058120007514955, 3.005413130760193, 3.004778429746628, 3.003161870718002, 2.991450578927994, 2.9776811800003053, 2.969396186351776, 2.9377481803894043, 2.9348552718162537, 2.9337131962776186, 2.9306051795482637, 2.9285408923625944, 2.926834971189499, 2.925178947210312, 2.923703174114227, 2.919706843137741, 2.9169907324314117, 2.9141760745048524, 2.911973808050156, 2.908676293849945, 2.906686191320419, 2.904300807476044, 2.9016382250785826, 2.901270307064056, 2.897907968997955, 2.896168874025345, 2.894008474111557, 2.8922362763881684, 2.8888047595024107, 2.88675870347023, 2.885747368335724, 2.884173260450363, 2.8831187388896944, 2.882345954418182, 2.880428634643555, 2.8795494413375855, 2.87842383313179, 2.877255990982056, 2.874341628074646, 2.8736521799564363, 2.8722784025669097, 2.8705666446076417]",2.870891543062094,"(0.993, 0.985, 0.231)","(0.057, 0.051, 0.0)","(0.013, 0.012, 0.0)"
2,2,"[3.261794184207916, 3.1645110194683075, 3.1108991663455963, 3.051426204919815, 3.043226104259491, 3.036555340051651, 3.032455680847168, 3.0294583904743195, 3.0272994403839113, 3.0256788940429686, 3.024066188097, 3.0218440129756927, 3.0197708268165586, 3.0160416095256806, 3.0110457243919373, 3.0006708483695985, 2.978635284662247, 2.956276736497879, 2.951757320165634, 2.9495547506809237, 2.945533461093903, 2.9431329395771026, 2.9404830853939057, 2.937557502269745, 2.9351400752067565, 2.9313717896938325, 2.9272437672615053, 2.9235758080482483, 2.9202621359825134, 2.918993211269379, 2.9158047425746916, 2.914158972263336, 2.911896430015564, 2.9093402042388914, 2.9071326825618744, 2.903448668718338, 2.9011529297828673, 2.899885340690613, 2.898158662557602, 2.8945978112220763, 2.8929022262096407, 2.8909334270954132, 2.8887421934604647, 2.887188920736313, 2.885233293056488, 2.8841967055797575, 2.880847252845764, 2.878337437391281, 2.875669925689697, 2.875286779165268, 2.8733966002464295, 2.8719814438819884, 2.871722122192383, 2.869240861415863, 2.8672732961177827, 2.866181380033493, 2.864808560848236, 2.863357194185257, 2.8619067537784577, 2.8610510213375093, 2.8596551003456114, 2.8581581783294676, 2.8573585462570192, 2.855871344804764, 2.854625566482544, 2.8532780582904818, 2.8516635749340056, 2.8497506575584413, 2.849758996486664, 2.8480514409542086, 2.847057451455357]",2.846513093364661,"(0.991, 0.974, 0.281)","(0.036, 0.033, 0.0)","(0.041, 0.039, 0.0)"
2,3,"[3.259232566833496, 3.1130709075927734, 3.0729633774757383, 3.0639543204307556, 3.0570861763954165, 3.0508483901023866, 3.0476016478538512, 3.0459010004997253, 3.042805352687836, 3.040941736459732, 3.037803318977356, 3.036695806980133, 3.035567539215088, 3.034281644821167, 3.0343125159740447, 3.0339070391654968, 3.0214849562644956, 3.0109581227302553, 3.0052231011390687, 3.0020119698047636, 2.977408900022507, 2.9606903669834135, 2.9447048444747925, 2.940394476175308, 2.936291503429413, 2.9307649173736574, 2.9267665302753447, 2.9227344036102294, 2.9190979681015015, 2.917701582431793, 2.914319207429886, 2.9120219581127165, 2.908882169961929, 2.9057252316474913, 2.9026870114803316, 2.899496508836746, 2.8968023755550383, 2.8936228227615355, 2.8909233305454256, 2.8879874889850616, 2.8860408651828764, 2.8840745351314543, 2.8818285946846007, 2.880022957801819, 2.878958645582199, 2.877965831041336, 2.8759577350616454, 2.875504268169403, 2.8737839460372925, 2.8729676134586333, 2.8723237295150756, 2.870651633501053, 2.8699462676048277, 2.8689072721004485, 2.8672997756004333, 2.8661226909160615, 2.863956990480423, 2.8618268806934357, 2.860608344554901, 2.860448051214218, 2.858738518238068, 2.857083876848221, 2.8562175908088685, 2.8547144634723662, 2.853635621070862, 2.8514943957328795, 2.850177636384964, 2.8482457139492037, 2.8473525569438936, 2.8463911290168764, 2.8456748400252465]",2.8456365839095086,"(0.982, 0.972, 0.229)","(0.061, 0.06, 0.001)","(0.088, 0.088, 0.0)"
2,4,"[3.2265360832214354, 3.1046898963451386, 3.0872373883724213, 3.073733228445053, 3.0646785318851473, 3.0609104521274566, 3.057792310476303, 3.056528828382492, 3.053031245470047, 3.045378034353256, 3.0197628448009493, 3.010919379234314, 3.002204941749573, 2.9768384795188902, 2.9610325825214385, 2.9568067290782927, 2.9534355363845823, 2.950131024360657, 2.9480183856487274, 2.9459302380084993, 2.940101255655289, 2.936461232662201, 2.934701897382736, 2.9317313501834867, 2.9293467314243316, 2.9262345979213715, 2.922584754228592, 2.9183265483379364, 2.91591228890419, 2.9135928208827973, 2.911415365219116, 2.9090533277988433, 2.9064010450839994, 2.903982244729996, 2.9019615421295164, 2.8995210781097414, 2.897770013809204, 2.8962125697135925, 2.8954438433647156, 2.8923941884040834, 2.8912471487522127, 2.8895862848758695, 2.888596574306488, 2.886485202074051, 2.885105291843414, 2.880463394880295, 2.8764336421489713, 2.875304982423782, 2.873707628965378, 2.8732874932289123, 2.872314745426178, 2.871036227941513, 2.8705552353858947, 2.8692770602703095, 2.8677531564235688, 2.8669373145103454, 2.866215452194214, 2.864838913679123, 2.863373071908951, 2.8623082761764524, 2.8616201660633087, 2.8599582190513613, 2.8598786103725433, 2.85839661860466, 2.858013263940811, 2.856406953573227, 2.855577515602112, 2.8542382497787475, 2.8544039635658263, 2.8531639132499693, 2.852198326549591]",2.8528428908027914,"(0.996, 0.985, 0.272)","(0.064, 0.06, 0.001)","(0.026, 0.026, 0.0)"
3,0,"[3.2870058915615084, 3.1465248210430143, 3.094019067525864, 3.0819023735523223, 3.0747970640659332, 3.0687980008125306, 3.0644133524894714, 3.0620718109607696, 3.0492374393939974, 3.04181241607666, 3.036678603172302, 3.0331192035675048, 3.0308811495304107, 3.0276220438480377, 3.024286080121994, 3.0221819839477537, 3.012671110868454, 2.998778522491455, 2.990001624584198, 2.9850794372558593, 2.980481392145157, 2.963106418609619, 2.943048690319061, 2.939446970701218, 2.935590826034546, 2.930164261817932, 2.927130749940872, 2.9241615149974822, 2.9216048922538755, 2.9211692667007445, 2.918026109457016, 2.915392775297165, 2.9135295495986937, 2.9119802942276003, 2.9103003714084625, 2.90693616771698, 2.905132444858551, 2.9022546768188477, 2.897557194948196, 2.8935982694625855, 2.8906479003429415, 2.8879496681690218, 2.885987020730972, 2.8836881465911866, 2.8819586205482484, 2.8814261536598207, 2.8800975954532624, 2.878516438484192, 2.875725915193558, 2.8749787273406984, 2.8736906213760376, 2.8725022435188294, 2.871807657003403, 2.8698394284248354, 2.8688579437732695, 2.868189414739609, 2.8671682674884797, 2.8659014451503753, 2.865086609840393, 2.8636010715961455, 2.8625648205280303, 2.8615013825893403, 2.860470781803131, 2.8588044924736025, 2.8580235617160796, 2.857459848165512, 2.8562961797714235, 2.854655737876892, 2.854819137096405, 2.8538445246219637, 2.852199245946476]",2.853013430242271,"(0.992, 0.989, 0.23)","(0.064, 0.063, 0.0)","(0.085, 0.078, 0.0)"
3,1,"[3.285404619693756, 3.1270747010707853, 3.0965699706077574, 3.084810417175293, 3.079155492067337, 3.0762913076877596, 3.070132092475891, 3.069046653985977, 3.067985369682312, 3.067306669473648, 3.065350903749466, 3.0640732402801514, 3.063674366950989, 3.062410522222519, 3.062176181793213, 3.0615208988189697, 3.060281129837036, 3.0604859273433687, 3.060318268537521, 3.0617184686660766, 3.060487797498703, 3.059291463851929, 3.0596531624794006, 3.0593014516830443, 3.05832417178154, 3.0582007722854616, 3.05719629240036, 3.055308271408081, 3.0491510660648347, 3.0385438871383665, 3.0332287950515746, 3.027603685617447, 3.021911378622055, 3.017387054681778, 3.014995037794113, 2.9971769597530367, 2.98000562787056, 2.975897094011307, 2.9734156260490416, 2.9702480301856995, 2.9669025473594663, 2.9637756717205046, 2.960800225019455, 2.95366398191452, 2.948015060663223, 2.9463170149326325, 2.9443968365192412, 2.9424383249282835, 2.9391569797992707, 2.9383666763305665, 2.9364700417518614, 2.9299633135795595, 2.92242702126503, 2.918849275827408, 2.916454433441162, 2.914115961551666, 2.9128031780719756, 2.910895305156708, 2.908528010368347, 2.9075967016220092, 2.9066608772277833, 2.9054364471435545, 2.9039476308822634, 2.9026225712299345, 2.9023394410610197, 2.901257495880127, 2.900376643419266, 2.8760435349941256, 2.8613607413768767, 2.858663650512695, 2.8571252906665254]",2.855753434508463,"(0.967, 0.952, 0.285)","(0.021, 0.02, 0.001)","(0.032, 0.031, 0.0)"
3,2,"[3.2108137862682344, 3.134098567724228, 3.0923581120967865, 3.0820018079280853, 3.074788603782654, 3.0696128370761873, 3.0561137993335725, 3.0431735284328463, 3.035596839427948, 3.032820034980774, 3.029675060749054, 3.025666502714157, 3.0237940406799315, 3.0221619076728823, 3.021186257123947, 3.0204393281936643, 3.018227437257767, 3.016604688167572, 3.0160013365745546, 3.016520971775055, 3.0145270459651945, 3.013715905666351, 3.012275391101837, 3.0121877641677854, 3.0104100096225737, 3.009393043756485, 3.007828221321106, 3.0061376135349276, 3.002438112974167, 3.00081138253212, 2.9907446644306184, 2.978156774997711, 2.9725139944553374, 2.9694889430999756, 2.9673404083251955, 2.9344991660118103, 2.9307787115573882, 2.9283006088733674, 2.926818253993988, 2.9232294096946716, 2.9213851432800295, 2.919180390357971, 2.916082254886627, 2.9139848294258117, 2.9115213305950163, 2.910331836938858, 2.9085242342948914, 2.9025589904785156, 2.8984759707450864, 2.8959630308151243, 2.89464329123497, 2.8922150683403016, 2.8924171316623686, 2.8887857172489166, 2.8876263868808745, 2.886679661035538, 2.8855121233463286, 2.883883608341217, 2.882603605031967, 2.881303784608841, 2.881110210418701, 2.880320089817047, 2.8795225262641906, 2.877336347103119, 2.87647724032402, 2.8751189382076263, 2.8748366258144378, 2.8726124856472017, 2.8722151093482973, 2.871592400074005, 2.8698909823506025]",2.8706970748562033,"(0.981, 0.979, 0.223)","(0.062, 0.062, 0.003)","(0.011, 0.01, 0.0)"
3,3,"[3.230138824224472, 3.1314127261638642, 3.095005888223648, 3.0808545048236846, 3.07518159866333, 3.060826135635376, 3.046073113441467, 3.043209138393402, 3.036818695306778, 3.032728164196014, 3.0304999482631683, 3.028682558298111, 3.026814326286316, 3.0237025573253633, 3.0208679049015044, 3.018963829755783, 3.015434476852417, 3.0113364953994752, 3.006393877744675, 2.994784741163254, 2.986925083875656, 2.953917043924332, 2.9461579699516296, 2.943410781621933, 2.9414761648178103, 2.9394135236740113, 2.9361235959529877, 2.9333146011829374, 2.929750283956528, 2.928026222705841, 2.922569232225418, 2.9190268769264223, 2.91450426530838, 2.911538835287094, 2.908212107419968, 2.903860829114914, 2.901054255962372, 2.89924002122879, 2.8977030818462373, 2.8940845255851744, 2.892369823932648, 2.890799373149872, 2.8863631246089936, 2.8813596041202545, 2.8787432260513306, 2.876746485710144, 2.8752485857009886, 2.8730928919315337, 2.8708770806789397, 2.8697569177150726, 2.868335480451584, 2.8659580130577087, 2.8643805701732634, 2.8627884149551392, 2.8610856194496153, 2.859996948719025, 2.858141713142395, 2.8569137041568755, 2.855565272331238, 2.855048946619034, 2.8530602960586546, 2.852161103963852, 2.8513147876262663, 2.849661909818649, 2.849288386583328, 2.847900213718414, 2.8467831888198853, 2.8448745884895326, 2.844936666250229, 2.8432053616046904, 2.842219268932891]",2.8416434958087,"(0.971, 0.967, 0.252)","(0.021, 0.02, 0.0)","(0.035, 0.033, 0.0)"
3,4,"[3.248978874206543, 3.1257369034290314, 3.085233599662781, 3.0759878869056703, 3.07350829744339, 3.0729386014938354, 3.071523562669754, 3.069843506574631, 3.0630433328151705, 3.0482500586509707, 3.0368295261859894, 3.0316444213390352, 3.028187979221344, 3.01727432012558, 3.0112907202243804, 3.007212956905365, 3.0013603258132933, 2.9797589781284333, 2.9616917934417724, 2.9565911202430724, 2.9504418528079985, 2.946525780439377, 2.9433756380081175, 2.9409039924144746, 2.938785602092743, 2.9366795995235444, 2.9330521988868714, 2.93009139251709, 2.924537708044052, 2.9202016773223876, 2.9163322279453276, 2.9132749547958374, 2.910556403398514, 2.908678811788559, 2.9062537157535555, 2.9036266295909883, 2.9021106355190276, 2.900110065460205, 2.898273019075394, 2.894466228723526, 2.8927946133613585, 2.890835086107254, 2.8882276952266692, 2.885304351806641, 2.8818000264167787, 2.8778899397850037, 2.8759043488502503, 2.8743265423774718, 2.8716557190418244, 2.871226410150528, 2.870073353290558, 2.8683440635204316, 2.8677118203639984, 2.866261987447739, 2.8643555479049683, 2.864036593437195, 2.861722199201584, 2.8595758917331695, 2.8575703587532044, 2.857099528551102, 2.85603194975853, 2.854618406534195, 2.8544128930568693, 2.8527571852207183, 2.8517923510074614, 2.8510741505622863, 2.850167822599411, 2.848844131231308, 2.848860448360443, 2.847855527162552, 2.847891703962137]",2.847442571140047,"(0.99, 0.986, 0.262)","(0.036, 0.034, 0.0)","(0.023, 0.022, 0.0)"
4,0,"[3.228289265394211, 3.113975925922394, 3.0942489466667173, 3.081537078857422, 3.0745594592094423, 3.06842156457901, 3.066058339357376, 3.065935165643692, 3.0618237960338592, 3.0608943822383883, 3.0594972875118254, 3.0604769735336306, 3.058500764131546, 3.058751984357834, 3.0590242409706114, 3.060356962442398, 3.05898042678833, 3.0566173243522643, 3.0564465215206145, 3.057390107154846, 3.05590331864357, 3.055013519048691, 3.0539528403282166, 3.0541371591091155, 3.0544407906532287, 3.053994030952454, 3.0458158569335936, 3.0352034091949465, 3.0321833868026733, 3.032529092788696, 3.0292949492931367, 3.0286584355831145, 3.0269688441753386, 3.026123735189438, 3.026619448184967, 3.025054874897003, 3.0251244163513182, 3.0249250028133394, 3.025276344537735, 3.023157734632492, 3.0235588846206665, 3.0217742998600006, 3.022257054567337, 3.02211611199379, 3.0242921328544616, 3.0226043148040773, 3.0223786420822143, 3.0213443117141723, 3.020495719432831, 3.0212286455631254, 3.020439689874649, 3.020394819021225, 3.0205839388370515, 3.0196577508449556, 3.021215053796768, 3.019600634098053, 3.0190998673439027, 3.0197242028713225, 3.019082084417343, 3.018057631969452, 3.0187713294029237, 3.0184584770202636, 3.018262276649475, 3.017739008426666, 3.0180355710983275, 3.0179929337501528, 3.0194178459644316, 3.0176296100616455, 3.0168778359889985, 3.0110379779338836, 3.008756546166758]",3.0099831300616096,"(0.998, 0.987, 0.039)","(0.0, 0.0, 0.0)","(0.0, 0.0, 0.0)"
4,1,"[3.2132110340595244, 3.10660803437233, 3.090318771600723, 3.0835405955314634, 3.0673065178394316, 3.0600049896240233, 3.0560636961460115, 3.053456378698349, 3.051367382287979, 3.0512440807819368, 3.0474637687206267, 3.039930609226227, 3.03300648522377, 3.0291861689090727, 3.026755965471268, 3.0246331119537353, 3.0210654196739197, 3.0126984605789184, 3.0084275615215303, 3.005161652803421, 3.0003414576053618, 2.9878788583278655, 2.9768652992248534, 2.9717424075603485, 2.9690736815929415, 2.9661492402553558, 2.9634408173561098, 2.9414519979953764, 2.9260994732379912, 2.925064861536026, 2.9222972459793093, 2.9199811248779297, 2.9170134479999543, 2.91452756357193, 2.911162137746811, 2.907620387554169, 2.9051262125968935, 2.9017167315483094, 2.90024014043808, 2.8970442678928374, 2.8951209318637847, 2.892794224023819, 2.890689637184143, 2.888480666399002, 2.8812166819572447, 2.8766518707275393, 2.873305396795273, 2.871569878101349, 2.868697639465332, 2.867343331575394, 2.86582616853714, 2.863647311449051, 2.86385146188736, 2.860631676197052, 2.858993048667908, 2.8571067538261414, 2.8530077891349794, 2.8514048120975493, 2.850384097337723, 2.84850594830513, 2.847291956424713, 2.8452348294258116, 2.8450327394008634, 2.8432765414714813, 2.841597092151642, 2.8389852147102355, 2.837019842147827, 2.835652847290039, 2.8341818079948427, 2.832575018644333, 2.831652428014591]",2.8302018890212413,"(0.992, 0.987, 0.316)","(0.05, 0.05, 0.001)","(0.06, 0.059, 0.0)"
4,2,"[3.2551454417705536, 3.1497421996593475, 3.072307655096054, 3.0602831103801726, 3.054245569705963, 3.0458407623767854, 3.0427780730724336, 3.0423537957668305, 3.0405885934829713, 3.036130400419235, 3.032500610589981, 3.031579435825348, 3.0306322212219237, 3.0273859283924103, 3.026873639822006, 3.0266517322063446, 3.023617788553238, 3.0216883296966555, 3.021613456964493, 3.0202881145477294, 3.0186688022613524, 3.016540671348572, 3.0156599810123446, 3.013803171157837, 3.013321679353714, 3.01386120557785, 3.013379046201706, 3.0110547926425935, 3.01177299118042, 3.009799084186554, 3.010117030620575, 3.008358125448227, 3.0079345564842224, 3.0075415563583374, 3.007773875236511, 3.0068668818473814, 3.0067607531547544, 3.0061553559303285, 3.006175449132919, 3.0046976244449617, 3.0057293932437896, 3.0049522609710695, 3.0043088579177857, 3.005660359382629, 3.0036054446697236, 3.004163169622421, 3.0042000637054445, 3.00379785490036, 3.0044822340011597, 3.0040059146881104, 3.003556788444519, 3.0022334871292116, 3.002926459789276, 3.0016932606697084, 3.002087332725525, 3.0015069921016693, 3.0015028376579282, 3.0010409009456636, 3.0008795700073243, 3.0003167061805724, 3.000847866773605, 3.0007341759204866, 2.9998935782909393, 2.9991458156108854, 3.000297857284546, 2.9982416779994963, 2.999411549091339, 2.9984841876029966, 2.9981622133255006, 2.998104418754578, 2.9964344608136257]",2.9979462470712908,"(0.99, 0.976, 0.049)","(0.0, 0.0, 0.0)","(0.0, 0.0, 0.0)"
4,3,"[3.2440802471637724, 3.109738878965378, 3.088800236463547, 3.0798722465038297, 3.0731162550449374, 3.070605253458023, 3.066341828584671, 3.0632001206874846, 3.06207758975029, 3.0617783551216124, 3.0598061316013334, 3.057532479286194, 3.05533567070961, 3.051483677148819, 3.0352131624221803, 3.0281569418907166, 3.0169906733036043, 3.0118065810203554, 3.0072459180355073, 2.9890334525108337, 2.967877504348755, 2.9620863473415375, 2.9565618371963502, 2.9513374586105345, 2.9486105246543883, 2.9449941968917845, 2.9410083825588225, 2.937555018901825, 2.935476808786392, 2.933815391540527, 2.9313747103214265, 2.929192804336548, 2.927272498846054, 2.9242950925827027, 2.9231576368808745, 2.920168476343155, 2.917872410297394, 2.91606271314621, 2.914222142457962, 2.9117529492378234, 2.9103807656764986, 2.9086515307426453, 2.906433023929596, 2.9044818477630616, 2.9019221923351286, 2.9018490161895754, 2.8994189171791076, 2.898057333469391, 2.889346866130829, 2.8864346277713775, 2.883924301624298, 2.8807742476463316, 2.879838082790375, 2.876618738889694, 2.875967559814453, 2.8744808263778685, 2.8712871549129484, 2.8699768767356875, 2.868708428144455, 2.8676986610889434, 2.866650095939636, 2.8647976338863375, 2.864289184331894, 2.8631411378383635, 2.862601188182831, 2.8601365416049958, 2.8603752818107604, 2.858235023498535, 2.856645713329315, 2.8563518517017363, 2.854385822344893]",2.8543666711495015,"(0.984, 0.981, 0.202)","(0.026, 0.023, 0.0)","(0.029, 0.027, 0.0)"
4,4,"[3.393747195005417, 3.2039936094284056, 3.1458056247234345, 3.1145509016513824, 3.0879083812236785, 3.080829750776291, 3.0740389444828033, 3.070619172334671, 3.066594979763031, 3.0646289269924165, 3.061177319288254, 3.0596668059825896, 3.0583639454841616, 3.0573671000003815, 3.057322951555252, 3.0580651602745057, 3.0566168792247774, 3.0559610068798064, 3.0553414883613588, 3.055866263151169, 3.055039799451828, 3.0537083973884585, 3.052328653335571, 3.0526147902011873, 3.0521031267642975, 3.0515189321041105, 3.0519171407222747, 3.0503155472278594, 3.049055321455002, 3.0487380137443543, 3.048754457950592, 3.048793231010437, 3.0475206201076506, 3.046962875843048, 3.0473789498806, 3.0463322644233704, 3.0474128534793854, 3.0460091524124144, 3.04599494099617, 3.0443912930488586, 3.0445005123615263, 3.0435356941223146, 3.042471655845642, 3.043196257352829, 3.042082605600357, 3.0431778786182404, 3.0421734414100645, 3.0407490541934967, 3.040486391067505, 3.040404088258743, 3.0400534081459045, 3.0386379084587096, 3.0396124267578126, 3.0359185838699343, 3.0347469620704652, 3.0330147972106936, 3.0319890666007994, 3.0306379549503326, 3.0283656919002535, 3.026991667985916, 3.0245606410503387, 3.0126773698329927, 3.0044666044712067, 3.0027687478065492, 2.9990098683834074, 2.995205515384674, 2.991763646364212, 2.9882582099437713, 2.987563505887985, 2.9852246768474577, 2.983155945238595]",2.9837294025242933,"(0.996, 0.986, 0.07)","(0.061, 0.053, 0.0)","(0.171, 0.164, 0.0)"
5,0,"[3.2151254601478576, 3.1223533215522767, 3.1047139961719514, 3.1008847854137422, 3.0985512897968293, 3.09500488448143, 3.0882783691883087, 3.085798345088959, 3.083634720802307, 3.0815400726795197, 3.0773577382564543, 3.076342459440231, 3.0743260447978975, 3.071931808710098, 3.0721206111907957, 3.0712781071662905, 3.0701120047569277, 3.0702237765789033, 3.0699764897823334, 3.0706488008499147, 3.070038998603821, 3.0699436738491057, 3.069259243488312, 3.0698995163440705, 3.0696751680374144, 3.0698151960372924, 3.070048459291458, 3.069538659334183, 3.0702641179561616, 3.068745100736618, 3.0682953696250914, 3.0682892932891845, 3.0568647661209107, 3.0515091235637666, 3.049057075023651, 3.045906724691391, 3.045832294464111, 3.0452745380401613, 3.0447860198020935, 3.0435696351528168, 3.0437645235061646, 3.0423963034152983, 3.0419273567199707, 3.0413847386837007, 3.034521878004074, 3.03168088054657, 3.0308011474609375, 3.028547652244568, 3.027731915950775, 3.027594920158386, 3.0259965765476227, 3.0160074265003205, 3.0139438858032226, 3.0118613243103027, 3.011808819770813, 3.0109716432094573, 3.009726032495499, 3.0097160692214966, 3.010409370422363, 3.0073154265880584, 3.0082949221134188, 3.0062857477664946, 3.0068294525146486, 3.006039571762085, 3.0058311491012573, 3.004490926980972, 3.0059366264343264, 3.003713100194931, 3.0040489583015444, 3.004730124235153, 3.0038299423437147]",3.002935892272572,"(0.994, 0.984, 0.035)","(0.0, 0.0, 0.0)","(0.0, 0.0, 0.0)"
5,1,"[3.211886996984482, 3.1221888077259066, 3.105617965936661, 3.100959596633911, 3.0972351880073545, 3.0963858399391175, 3.0939209394454954, 3.0911973044872285, 3.0867633965015413, 3.0846088180541993, 3.078923567771912, 3.0760678043365477, 3.073154752731323, 3.071864870786667, 3.0718601415157316, 3.0716905303001405, 3.0706425211429598, 3.0707623353004454, 3.0705160264968874, 3.0714366850852968, 3.0703525245189667, 3.070708483695984, 3.0696530179977417, 3.069805273771286, 3.0702948553562166, 3.070053282737732, 3.070228508234024, 3.0692634029388426, 3.071069676876068, 3.0689023928642274, 3.069618092775345, 3.0700235188007357, 3.0689259598255156, 3.06804917883873, 3.0690117449760437, 3.067806421995163, 3.0688183801174165, 3.0679593811035155, 3.0688330204486847, 3.0687331705093386, 3.068811863183975, 3.067725076913834, 3.0680966703891754, 3.067310516834259, 3.0671258533000945, 3.0677343475818635, 3.068659747838974, 3.0681039929389953, 3.0673408420085906, 3.068606984615326, 3.0674483761787417, 3.0690489370822904, 3.06697234582901, 3.0661092517375947, 3.0666160933971405, 3.065929402112961, 3.0650774145126345, 3.0643958430290223, 3.063426593542099, 3.0611968071460725, 3.0623093929290772, 3.0622946939468383, 3.0615781490802765, 3.060787631034851, 3.061182101726532, 3.060191462755203, 3.0608692903518677, 3.0607752454280854, 3.0605791697502136, 3.060960077285767, 3.058779841413894]",3.059389900706511,"(0.997, 0.987, 0.013)","(0.0, 0.0, 0.0)","(0.0, 0.0, 0.0)"
5,2,"[3.505469410419464, 3.438870722055435, 3.2833465197086333, 3.2813325192928313, 3.245317011833191, 3.19895281624794, 3.1818875889778138, 3.1816216356754303, 3.1847668433189393, 3.1847693791389466, 3.1834835181236265, 3.184461759567261, 3.1855798354148863, 3.1834039483070375, 3.1832424778938293, 3.183754733800888, 3.1834161722660066, 3.1834746415615083, 3.1831905739307405, 3.183800579071045, 3.183658213853836, 3.1836482129096986, 3.183684417486191, 3.1835339143276213, 3.183730681180954, 3.1837445642948152, 3.1940060284137726, 3.1882727572917937, 3.1872777836322785, 3.1925220437049866, 3.1923755950927735, 3.1926464071273806, 3.1925629024505615, 3.192544757604599, 3.1923676524162294, 3.192102426290512, 3.192333119869232, 3.1928062925338745, 3.1857073843479156, 3.183490094423294, 3.183918750524521, 3.1833160276412964, 3.1832217075824736, 3.1830099477767946, 3.182841941833496, 3.183558030605316, 3.1872367625236513, 3.1918038737773897, 3.1917698130607604, 3.1920759088993074, 3.192680508375168, 3.192188403367996, 3.1925413262844087, 3.19142826795578, 3.19233353805542, 3.1918400688171387, 3.191991358041763, 3.191916147232056, 3.1916151072978973, 3.191531257867813, 3.1978223414421083, 3.2010740690231323, 3.2009840128421785, 3.20082461810112, 3.201030281305313, 3.2008370344638823, 3.201523721933365, 3.2012859642505647, 3.2013138556480407, 3.201354764223099, 3.20144533044614]",3.200956142499507,"(0.999, 0.019, 0.0)","(0.0, 0.0, 0.0)","(0.0, 0.0, 0.0)"
5,3,"[3.3330952916145327, 3.260626951932907, 3.2158873591423034, 3.1848734776973724, 3.1842979950904846, 3.1882881643772127, 3.1892984340190886, 3.1892803778648378, 3.1933455963134767, 3.193579016685486, 3.1912072043418886, 3.1896679899692537, 3.1915480659008026, 3.1901199069023134, 3.1900307462215425, 3.1941247298717497, 3.1913986058235166, 3.189294765949249, 3.1894969074726105, 3.1988049881458283, 3.200843817472458, 3.1893877952098846, 3.190140125513077, 3.1922817800045014, 3.1898243458271027, 3.193305364847183, 3.1891655662059786, 3.187736026287079, 3.1879703295230866, 3.1873729696273805, 3.1870294950008393, 3.1873488454818726, 3.1871036598682405, 3.187008833885193, 3.1873229353427885, 3.188941065311432, 3.192359832048416, 3.194900406360626, 3.199536534309387, 3.1905074138641356, 3.1890986449718475, 3.1876324832439424, 3.1878195345401763, 3.1866150808334353, 3.1864899682998655, 3.187309403896332, 3.1875784926414488, 3.187212119579315, 3.187576068639755, 3.191976761341095, 3.1920978600978853, 3.1916965713500978, 3.192614179849625, 3.1906340827941895, 3.1896327137947083, 3.1890234129428863, 3.189134507894516, 3.1892390282154084, 3.188828842163086, 3.188413524866104, 3.1876655104160307, 3.1875980162620543, 3.1870368280410766, 3.187342591524124, 3.197489143848419, 3.202179733514786, 3.2027607119083403, 3.202480584383011, 3.2025733335018156, 3.20053631567955, 3.190616477411776]",3.1921092586268327,"(0.964, 0.013, 0.0)","(0.0, 0.0, 0.0)","(0.0, 0.0, 0.0)"
5,4,"[3.3367701215744017, 3.166842313528061, 3.1441338698863985, 3.12848881149292, 3.109719519138336, 3.1063531355857847, 3.102118421316147, 3.0966852483749387, 3.09182279753685, 3.089652393102646, 3.085882818698883, 3.084329164981842, 3.081656414270401, 3.0797322399616243, 3.07763982129097, 3.076489801645279, 3.0734632403850557, 3.0727038826942445, 3.071959273338318, 3.072631808042526, 3.0717255532741548, 3.0711182787418365, 3.070469587087631, 3.0705342650413514, 3.0704363975524904, 3.070301520109177, 3.0702113499641417, 3.0691963851451876, 3.069491592645645, 3.0688106327056883, 3.068593377351761, 3.0590525784492493, 3.0547809453010557, 3.0526111335754393, 3.0529240968227387, 3.0505337266922, 3.049797066450119, 3.047619292020798, 3.0487663090229034, 3.0450189061164856, 3.0444938333034517, 3.043772643327713, 3.04369881606102, 3.0431692810058593, 3.0414475195407866, 3.041950536727905, 3.041680101633072, 3.040849366903305, 3.039762456178665, 3.0402110049724578, 3.0377481610774995, 3.0352867205142973, 3.0317154817581176, 3.029523997545242, 3.0279627051353453, 3.0255389156341552, 3.022330286502838, 3.019550538301468, 3.0178075284957884, 3.014818478345871, 3.0138603508472444, 3.0118830831050873, 3.010326162815094, 3.0085661442279816, 3.0103396973609926, 3.0080032505989074, 3.008075041770935, 3.0067780838012697, 3.0062974066734314, 3.0062040395736696, 3.0053558441015857]",3.004580832131919,"(0.985, 0.957, 0.035)","(0.005, 0.0, 0.0)","(0.0, 0.0, 0.0)"
6,0,"[3.3183508081436157, 3.230990314245224, 3.2186011028289796, 3.172499159812927, 3.1753220837116243, 3.1729452261924744, 3.174751357078552, 3.178404980421066, 3.1838613741397856, 3.1847428910732267, 3.183472923755646, 3.18603940820694, 3.198096924066544, 3.196911830663681, 3.1982448773384093, 3.198304667711258, 3.1907644951343537, 3.183182323694229, 3.1831941092014313, 3.1838054666519167, 3.183660922050476, 3.1844925014972687, 3.1833668191432953, 3.1835370373725893, 3.1847085778713224, 3.183922330856323, 3.184039618730545, 3.1834896485805513, 3.1834157750606535, 3.1834202904701234, 3.183219771385193, 3.1835435762405395, 3.185847828865051, 3.1925968198776244, 3.193686600923538, 3.193331923007965, 3.1948518605232237, 3.196100495815277, 3.1881406700611112, 3.1858147559165952, 3.1928923239707947, 3.191853848695755, 3.1922281129360197, 3.192437878847122, 3.194283258676529, 3.192460050582886, 3.1924618773460387, 3.1929314041137697, 3.192530385494232, 3.192741089582443, 3.1929313962459562, 3.192662506341934, 3.192504026174545, 3.1923657047748564, 3.1926255116462707, 3.192419362306595, 3.192285741567612, 3.197269145011902, 3.234239820480347, 3.2436300568580627, 3.2443915646076205, 3.244127848863602, 3.2437806808948517, 3.243480753660202, 3.243913878440857, 3.24349357008934, 3.2446720435619354, 3.244185310840607, 3.244229424715042, 3.244255558490753, 3.2166179856553243]",3.1933803248616015,"(1.0, 0.004, 0.0)","(0.0, 0.0, 0.0)","(0.0, 0.0, 0.0)"
6,1,"[3.268073745012283, 3.1515846304893493, 3.134807370901108, 3.110635567188263, 3.1041012620925903, 3.1008597595691683, 3.0982558517456056, 3.0953870255947113, 3.092300279855728, 3.091644061088562, 3.0878446006774904, 3.083091881752014, 3.0808593933582307, 3.079613001823425, 3.0781148254871367, 3.073773389339447, 3.0712434351444244, 3.070616657972336, 3.06981697511673, 3.070472639799118, 3.068888326406479, 3.06925492978096, 3.0686393105983734, 3.0686791303157808, 3.068570683479309, 3.0680088467597963, 3.0686895453929903, 3.068838679552078, 3.0676439979076386, 3.06745965385437, 3.0676794006824495, 3.068178765296936, 3.0672294619083407, 3.0668635377883913, 3.0683266925811767, 3.067583179473877, 3.067264792203903, 3.067573647260666, 3.0683059380054476, 3.0666373934745788, 3.0671598505973816, 3.0665213658809662, 3.0665499517917634, 3.066308481454849, 3.066900747537613, 3.067994107246399, 3.0672224686145784, 3.0667826721668243, 3.066879056453705, 3.0674443311691286, 3.0670760364532472, 3.0666083652973173, 3.0676391222476957, 3.0662368743419646, 3.066879029273987, 3.0672465176582335, 3.067457370042801, 3.0664937744140626, 3.0663653924465177, 3.065352424621582, 3.066690124988556, 3.0662374005317687, 3.0655246531963347, 3.0650256357192993, 3.065853869199753, 3.0654136788845063, 3.0661551549434662, 3.0664066240787506, 3.066079477548599, 3.066691136837006, 3.065132369629491]",3.065442869548195,"(0.996, 0.992, 0.019)","(0.0, 0.0, 0.0)","(0.0, 0.0, 0.0)"
6,2,"[3.2961320869922637, 3.1555903117656707, 3.1439654307365417, 3.1433203625679016, 3.144892066717148, 3.139668021917343, 3.1388430507183074, 3.138605362415314, 3.1393001039028166, 3.140958924293518, 3.1393628187179567, 3.1396599204540254, 3.141706658601761, 3.14388743019104, 3.138304280281067, 3.1430086257457734, 3.1424282653331757, 3.137328966856003, 3.1363718810081482, 3.1370108807086945, 3.1370421714782717, 3.1364735803604127, 3.1488876819610594, 3.1511897337436676, 3.1527467348575593, 3.151128210544586, 3.1409061572551726, 3.13709951543808, 3.1377915244102477, 3.137503831386566, 3.137209406375885, 3.1375554859638215, 3.13707834649086, 3.137764286518097, 3.1377895233631135, 3.136444146156311, 3.139482518196106, 3.1373070302009585, 3.138411968231201, 3.137504967212677, 3.138271168708801, 3.1424453880786896, 3.147889761209488, 3.1394346544742584, 3.142168693304062, 3.144770937204361, 3.141167901515961, 3.1398326275348665, 3.139186508655548, 3.1393054251670836, 3.13959267783165, 3.138944785118103, 3.141339298725128, 3.141137144804001, 3.144014161348343, 3.1410552542209627, 3.1392263107299803, 3.139209359884262, 3.139770427942276, 3.1415822894573213, 3.1407661986351014, 3.1398210804462434, 3.1395819838047028, 3.138697526216507, 3.1402357618808745, 3.140299998521805, 3.1449275970458985, 3.1447427937984465, 3.143512573957443, 3.1427047078609465, 3.1425719634412577]",3.1430119216999017,"(0.995, 0.956, 0.001)","(0.0, 0.0, 0.0)","(0.0, 0.0, 0.0)"
6,3,"[3.2554317240715025, 3.1494856309890746, 3.1443917908668517, 3.143964411020279, 3.1439592394828795, 3.1437742269039153, 3.1430856869220736, 3.142528781890869, 3.1421338748931884, 3.1441747424602506, 3.1414076113700866, 3.1421369457244874, 3.141521087884903, 3.139949565887451, 3.1398815784454346, 3.1394079513549804, 3.1377106688022613, 3.137184737443924, 3.137945780754089, 3.139992443561554, 3.1404124908447266, 3.139679332971573, 3.1395460493564604, 3.1409945652484894, 3.1414151158332824, 3.1420181534290315, 3.1417306792736053, 3.140679265022278, 3.1414629549980164, 3.1424235372543334, 3.1415139474868776, 3.148023512840271, 3.1511422145366668, 3.1491768469810486, 3.1479243552684784, 3.146995808839798, 3.138543740272522, 3.1390161316394805, 3.1390462517738342, 3.1390025725364685, 3.138841713666916, 3.1373057482242586, 3.1384884436130522, 3.139394594669342, 3.138066073179245, 3.138123578310013, 3.1391721999645235, 3.1399335644245148, 3.1392878940105438, 3.140886957883835, 3.1401378958225252, 3.1392381231784823, 3.1388991153240204, 3.137247042655945, 3.1381590387821197, 3.1374494507312773, 3.1388662707805635, 3.1391217551231385, 3.13788226890564, 3.1384378931522368, 3.1393698716163634, 3.140266947031021, 3.147135117530823, 3.1505834228992464, 3.1489464373588563, 3.1490464153289794, 3.149164468765259, 3.147819280385971, 3.1484785327911378, 3.1488430848121642, 3.1466716699326]",3.1461398349167764,"(1.0, 0.993, 0.005)","(0.0, 0.0, 0.0)","(0.0, 0.0, 0.0)"
6,4,"[3.263975159883499, 3.146208258628845, 3.1422457551956176, 3.1308760941028595, 3.109409148693085, 3.105909594297409, 3.1005864572525024, 3.0953290841579437, 3.09153275680542, 3.0895241219997405, 3.0851522285938264, 3.0832431054115297, 3.080975912332535, 3.079382457971573, 3.0783579940795898, 3.076565289258957, 3.074046013355255, 3.0728113255500795, 3.0721228680610655, 3.0723748559951782, 3.071138313770294, 3.070671699523926, 3.069879765033722, 3.0701823391914367, 3.0701949779987334, 3.0701305570602417, 3.0699321503639223, 3.069203037023544, 3.068600018262863, 3.06913538146019, 3.068347805738449, 3.0683012018203737, 3.0681096568107606, 3.0673987481594085, 3.0678520054817198, 3.067029863357544, 3.067840058326721, 3.0669686801433564, 3.0677042906284333, 3.0678965644836427, 3.0676096646785735, 3.0664257493019105, 3.066803805112839, 3.0665056352615356, 3.060024078607559, 3.056741745233536, 3.051992723464966, 3.04863808965683, 3.0473011140823365, 3.047617894649506, 3.046030021905899, 3.0457969353199004, 3.0460244369506837, 3.044405110359192, 3.0449710445404055, 3.044387246131897, 3.044387270450592, 3.044210494756699, 3.043386988401413, 3.0439717638492585, 3.045291221857071, 3.043939966201782, 3.043260947227478, 3.0408309161663056, 3.04024445271492, 3.039777632236481, 3.0407024681568147, 3.0394518139362336, 3.033329427957535, 3.029396104335785, 3.0267593616875597]",3.0262198840001777,"(0.995, 0.988, 0.024)","(0.001, 0.0, 0.0)","(0.0, 0.0, 0.0)"
7,0,"[3.505028696060181, 3.5041842367649076, 3.5039138157367704, 3.5044682552814486, 3.5042640233039855, 3.5044445939064026, 3.504203499555588, 3.504434773683548, 3.504200884103775, 3.504522287607193, 3.5042961122989653, 3.5041591973304747, 3.503893836736679, 3.503852746963501, 3.5038015162944793, 3.504385397195816, 3.5042211933135987, 3.5041252624988557, 3.5040190968513487, 3.5046493225097657, 3.5043736090660094, 3.5041583647727967, 3.5039446523189546, 3.5041414585113526, 3.5041431982517244, 3.5044428129196166, 3.504281574010849, 3.5044324679374697, 3.504185754776001, 3.5039118745326996, 3.5040799365043642, 3.5041665482521056, 3.5040126640796663, 3.5039869985580445, 3.5043906450271605, 3.503857351064682, 3.503964574575424, 3.503919548034668, 3.5044568741321562, 3.504084296941757, 3.5042989253997803, 3.503794106245041, 3.5039868824481966, 3.504415599822998, 3.5038484909534455, 3.5040770888328554, 3.5041677465438843, 3.5041698634624483, 3.504262827396393, 3.5043571786880494, 3.504001582622528, 3.504190178155899, 3.5041531660556795, 3.5041807761192323, 3.5046954033374784, 3.504391256809235, 3.5040663459300996, 3.5043399624824523, 3.504306882381439, 3.503803195476532, 3.5043854203224183, 3.504481411457062, 3.5042259676456453, 3.503825968503952, 3.5039249365329743, 3.504129505634308, 3.5041942698955535, 3.504125394105911, 3.504050327539444, 3.5045591127872466, 3.503913919004008]",3.504118729351761,"(0.0, 0.0, 0.0)","(0.0, 0.0, 0.0)","(0.0, 0.0, 0.0)"
7,1,"[3.465316367149353, 3.2932993874549865, 3.292462373971939, 3.292531230688095, 3.2912508113384247, 3.2189239416122435, 3.2124730534553527, 3.2113186926841735, 3.2070944375991823, 3.2016351084709167, 3.20145876455307, 3.2016737406253815, 3.2015965530872346, 3.2020249996185304, 3.202023771762848, 3.2014685180187223, 3.2009482035636903, 3.20157341337204, 3.2015967791080473, 3.201518220901489, 3.201485129594803, 3.202478439331055, 3.2007072741985323, 3.2011812121868135, 3.201773150205612, 3.2090611329078675, 3.213156028032303, 3.206238862276077, 3.2015923583507537, 3.201909989833832, 3.2043184139728544, 3.202071669816971, 3.2011417388916015, 3.212625790834427, 3.2996129944324495, 3.2736095604896547, 3.2022689046859742, 3.2040977296829225, 3.202384027004242, 3.2021287541389465, 3.202854767084122, 3.2037779006958007, 3.202124352693558, 3.202080745458603, 3.202100920677185, 3.202278322696686, 3.2030456380844115, 3.202399927139282, 3.2026276190280916, 3.202614387989044, 3.2029427099227905, 3.205843278884888, 3.202402240991592, 3.2020988280773164, 3.202421143293381, 3.202119077920914, 3.202017058849335, 3.202337308883667, 3.202053684234619, 3.202329617023468, 3.2025649971961974, 3.2027102015018465, 3.2023596954345703, 3.2024096648693083, 3.206813707113266, 3.2022681851387023, 3.2028241968154907, 3.202584419965744, 3.2024994173049928, 3.2032575562000276, 3.202618348331878]",3.2022314966373404,"(0.445, 0.062, 0.0)","(0.0, 0.0, 0.0)","(0.0, 0.0, 0.0)"
7,2,"[3.5051927754878998, 3.504193550825119, 3.503882935285568, 3.5044684154987333, 3.504263821363449, 3.4122699601650237, 3.3818051888942717, 3.3821705641746522, 3.379920702457428, 3.3806859319210054, 3.379896509647369, 3.314665426015854, 3.306491671085358, 3.3061869502067567, 3.3060245389938356, 3.3066865305900572, 3.3062485413551332, 3.3061692686080932, 3.3062336003780364, 3.306896091461182, 3.3804394125938417, 3.3671834661960602, 3.2856972460746765, 3.354216834783554, 3.3668260877132417, 3.398893606185913, 3.50428159737587, 3.504432469844818, 3.504185755252838, 3.5039118757247927, 3.504079936981201, 3.5041665482521056, 3.5040126640796663, 3.503986999750137, 3.504390645980835, 3.503857351064682, 3.503964575052261, 3.5039195499420166, 3.5044568741321562, 3.504084296941757, 3.5042989258766175, 3.5037941064834595, 3.5039868824481966, 3.504415600061417, 3.503848492383957, 3.504077091217041, 3.5041677479743956, 3.5041698665618894, 3.504262829065323, 3.504357181787491, 3.504001585483551, 3.504190182209015, 3.5041531693935393, 3.5041807794570925, 3.5046954066753386, 3.5043912620544435, 3.504066352844238, 3.5043399670124056, 3.504306888103485, 3.5038032035827635, 3.50438543009758, 3.5044814219474794, 3.5042259819507597, 3.503825987815857, 3.5039249365329743, 3.504129505634308, 3.5041942698955535, 3.504125394105911, 3.504050327539444, 3.5045591127872466, 3.503913919004008]",3.5041187292907297,"(0.0, 0.0, 0.0)","(0.0, 0.0, 0.0)","(0.0, 0.0, 0.0)"
7,3,"[3.5052496690750123, 3.504195575714111, 3.5038840277194976, 3.5044691812992097, 3.5042643151283266, 3.5044445774555206, 3.5042032668590544, 3.5044348001480103, 3.50485369849205, 3.504522804260254, 3.5042965531349184, 3.5041597023010254, 3.5038944725990295, 3.50385320353508, 3.503801933288574, 3.5043857684135435, 3.504221494913101, 3.5041255555152895, 3.504019370794296, 3.504649503469467, 3.504373700141907, 3.5041583967208862, 3.5039446601867676, 3.5041414587497712, 3.5041431980133058, 3.5044428129196166, 3.504281574010849, 3.5044324679374697, 3.504185754776001, 3.5039118745326996, 3.5040799365043642, 3.5041665482521056, 3.5040126640796663, 3.5039869985580445, 3.5043906450271605, 3.503857351064682, 3.503964574575424, 3.503919548034668, 3.5044568741321562, 3.504084296941757, 3.5042989253997803, 3.503794106245041, 3.5039868824481966, 3.504415599822998, 3.5038484909534455, 3.5040770888328554, 3.5041677465438843, 3.5041698634624483, 3.504262827396393, 3.5043571786880494, 3.504001582622528, 3.504190178155899, 3.5041531660556795, 3.5041807761192323, 3.5046954033374784, 3.504391256809235, 3.5040663459300996, 3.5043399624824523, 3.504306882381439, 3.5038031952381132, 3.5043854203224183, 3.504481411457062, 3.5042259676456453, 3.503825968503952, 3.5039249365329743, 3.504129505634308, 3.5041942698955535, 3.504125394105911, 3.504050327539444, 3.5045591127872466, 3.503913919004008]",3.5041187292907297,"(0.0, 0.0, 0.0)","(0.0, 0.0, 0.0)","(0.0, 0.0, 0.0)"
7,4,"[3.50553285241127, 3.5042311577796936, 3.5038877148628234, 3.5044706015586855, 3.403007073879242, 3.3877953109741212, 3.3877119023799898, 3.3846799883842467, 3.386051247358322, 3.3534105532169343, 3.3145549159049987, 3.3070907447338103, 3.3074445567131043, 3.3133541553020476, 3.5038017563819883, 3.504385541677475, 3.5042212929725647, 3.5041253435611726, 3.5040191531181337, 3.5046493535041807, 3.504373633623123, 3.5041583776474, 3.503944658756256, 3.504141461133957, 3.5041432008743287, 3.504442813873291, 3.5042815754413605, 3.5044324700832368, 3.5041857554912568, 3.5039118757247927, 3.504079937696457, 3.5041665496826173, 3.504012666463852, 3.5039869995117185, 3.5043906474113466, 3.5038573524951935, 3.503964576482773, 3.5039195499420166, 3.504456874847412, 3.504084297657013, 3.5042989275455474, 3.5037941081523893, 3.503986883640289, 3.5044156019687653, 3.503848492383957, 3.504077089071274, 3.50416774725914, 3.5041698644161223, 3.5042628276348116, 3.5043571794033053, 3.504001583576202, 3.5041901788711547, 3.5041531660556795, 3.5041807765960695, 3.5046954033374784, 3.5043912572860716, 3.5040663459300996, 3.504339962720871, 3.504306882381439, 3.5038031952381132, 3.5043854203224183, 3.5044814116954806, 3.5042259676456453, 3.503825968503952, 3.5039249365329743, 3.5041295058727266, 3.5041942698955535, 3.504125394105911, 3.504050327539444, 3.5045591127872466, 3.503913919004008]",3.5041187293212452,"(0.0, 0.0, 0.0)","(0.0, 0.0, 0.0)","(0.0, 0.0, 0.0)"
8,0,"[3.505282468795776, 3.5041906852722167, 3.5038822836875916, 3.5045047326087952, 3.504264269113541, 3.5044448926448823, 3.504203526973724, 3.4787610831260682, 3.4184416902065276, 3.497520482301712, 3.5042970435619356, 3.5041598768234254, 3.503894483566284, 3.5038533957004545, 3.5038020167350767, 3.5043858020305634, 3.50422154712677, 3.504125584602356, 3.5040193891525266, 3.5046495876312256, 3.504373854160309, 3.504158523797989, 3.5039447407722473, 3.504141491651535, 3.504143211364746, 3.5044428186416625, 3.5042815749645233, 3.5044324679374697, 3.5041857550144195, 3.5039118745326996, 3.5040799365043642, 3.5041665482521056, 3.5040126640796663, 3.5039869985580445, 3.5043906450271605, 3.503857351064682, 3.503964574575424, 3.503919548034668, 3.5044568741321562, 3.504084296941757, 3.5042989253997803, 3.503794106245041, 3.5039868824481966, 3.504415599822998, 3.5038484909534455, 3.5040770888328554, 3.5041677465438843, 3.5041698634624483, 3.504262827396393, 3.5043571786880494, 3.504001582622528, 3.504190178155899, 3.5041531660556795, 3.5041807761192323, 3.5046954033374784, 3.504391256809235, 3.5040663459300996, 3.5043399624824523, 3.504306882381439, 3.5038031952381132, 3.5043854203224183, 3.504481411457062, 3.5042259676456453, 3.503825968503952, 3.5039249365329743, 3.504129505634308, 3.5041942698955535, 3.504125394105911, 3.504050327539444, 3.5045591127872466, 3.503913919004008]",3.5041187292907297,"(0.0, 0.0, 0.0)","(0.0, 0.0, 0.0)","(0.0, 0.0, 0.0)"
8,1,"[3.5056694371700288, 3.5042046310901642, 3.503886741638184, 3.5044699773788452, 3.5042649233341217, 3.504444726228714, 3.5042031989097597, 3.504434824228287, 3.5042009310722353, 3.50452224111557, 3.504296052932739, 3.5041591811180113, 3.503893753051758, 3.5038527374267576, 3.503801517009735, 3.504385397195816, 3.5042211933135987, 3.5041252624988557, 3.5040190968513487, 3.5046493225097657, 3.5043736090660094, 3.5041583647727967, 3.5039446523189546, 3.5041414585113526, 3.5041431982517244, 3.5044428129196166, 3.504281574010849, 3.5044324679374697, 3.504185754776001, 3.5039118745326996, 3.5040799365043642, 3.5041665482521056, 3.5040126640796663, 3.5039869985580445, 3.504390645265579, 3.503857351064682, 3.503964574575424, 3.5039195482730867, 3.5044568741321562, 3.504084296941757, 3.5042989253997803, 3.503794106245041, 3.5039868824481966, 3.504415599822998, 3.5038484909534455, 3.504077089071274, 3.5041677465438843, 3.5041698634624483, 3.5042628276348116, 3.5043571786880494, 3.504001582622528, 3.504190178155899, 3.5041531660556795, 3.504180776357651, 3.5046954033374784, 3.504391256809235, 3.5040663459300996, 3.5043399624824523, 3.504306882381439, 3.5038031952381132, 3.5043854203224183, 3.504481411457062, 3.5042259676456453, 3.503825968503952, 3.5039249365329743, 3.504129505634308, 3.5041942698955535, 3.504125394105911, 3.5040503277778625, 3.5045591127872466, 3.503913919004008]",3.504118729412792,"(0.0, 0.0, 0.0)","(0.0, 0.0, 0.0)","(0.0, 0.0, 0.0)"
8,2,"[3.2785660734176636, 3.2066879234313963, 3.1773147222995757, 3.1430733530521393, 3.143458030462265, 3.142411925315857, 3.142928352832794, 3.1422708621025084, 3.142301136493683, 3.1473305110931395, 3.1468962843418122, 3.1485517134666443, 3.15053662610054, 3.1488404977321625, 3.1518470301628114, 3.1511439893245696, 3.1536307270526884, 3.1489178447723387, 3.1433510315418243, 3.1439514601230623, 3.143414071559906, 3.1447686212062838, 3.1441517417430878, 3.146463680267334, 3.1444387662410738, 3.1459239077568055, 3.1526503763198854, 3.1516411368846895, 3.14215985417366, 3.145866277217865, 3.1501097831726073, 3.1489644622802735, 3.143783577680588, 3.143970839738846, 3.1513808286190033, 3.153715580701828, 3.1552490684986116, 3.155021202325821, 3.1562011635303495, 3.1547059910297395, 3.155034257173538, 3.154449174404144, 3.1535878744125365, 3.1560466611385345, 3.153530194044113, 3.155863452196121, 3.156760946512222, 3.1568731253147124, 3.1549638822078703, 3.155407326221466, 3.155157705307007, 3.1541441543102264, 3.154392532110214, 3.1545866804122924, 3.156797924041748, 3.1577711050510406, 3.1557226121425628, 3.1576635217666627, 3.155034522294998, 3.1570020298957826, 3.158834206819534, 3.156110004901886, 3.153829998731613, 3.1562590963840487, 3.1940227015018463, 3.154007263422012, 3.1554932746887205, 3.1542714118957518, 3.1554677608013155, 3.1681538133621214, 3.1581002828031304]",3.153494529926745,"(0.957, 0.865, 0.005)","(0.0, 0.0, 0.0)","(0.0, 0.0, 0.0)"
8,3,"[3.505356508731842, 3.50426876616478, 3.5038833611011504, 3.5044689731597902, 3.5042640635967253, 3.504444303512573, 3.504203188419342, 3.5044345407485964, 3.504200827598572, 3.5045221924781798, 3.504296073436737, 3.5041590802669527, 3.503893667936325, 3.503852726221085, 3.503801517248154, 3.504385397672653, 3.5042211933135987, 3.5041252624988557, 3.5040190968513487, 3.5046493225097657, 3.5043736090660094, 3.5041583647727967, 3.503944652557373, 3.5041414587497712, 3.5041431982517244, 3.5044428129196166, 3.504281574010849, 3.5044324679374697, 3.504185754776001, 3.5039118745326996, 3.5040799365043642, 3.5041665482521056, 3.5040126640796663, 3.5039869985580445, 3.5043906450271605, 3.503857351064682, 3.503964574575424, 3.503919548034668, 3.5044568741321562, 3.504084296941757, 3.5042989253997803, 3.503794106245041, 3.5039868824481966, 3.504415599822998, 3.5038484909534455, 3.5040770888328554, 3.5041677465438843, 3.5041698634624483, 3.504262827396393, 3.5043571786880494, 3.504001582622528, 3.504190178155899, 3.5041531660556795, 3.5041807761192323, 3.5046954033374784, 3.504391256809235, 3.5040663459300996, 3.5043399624824523, 3.504306882381439, 3.5038031952381132, 3.5043854203224183, 3.504481411457062, 3.5042259676456453, 3.503825968503952, 3.5039249365329743, 3.504129505634308, 3.5041942698955535, 3.504125394105911, 3.504050327539444, 3.5045591127872466, 3.503913919004008]",3.5041187292907297,"(0.0, 0.0, 0.0)","(0.0, 0.0, 0.0)","(0.0, 0.0, 0.0)"
8,4,"[3.2705250606536866, 3.1895723266601563, 3.166324086666107, 3.1524396347999573, 3.153995048046112, 3.1584500124454498, 3.158842745065689, 3.1584017748832705, 3.15677006816864, 3.1572083394527435, 3.155703577041626, 3.15652321100235, 3.1575301361083983, 3.156611587047577, 3.1583706636428834, 3.1593385887145997, 3.1584687974452974, 3.1595739698410035, 3.1577817196846008, 3.1637684540748596, 3.162412927389145, 3.161027757883072, 3.1620104439258574, 3.1615945959091185, 3.1602726829051973, 3.1586730597019197, 3.156721224308014, 3.156027965068817, 3.155975353240967, 3.156204965353012, 3.157905863761902, 3.156587953567505, 3.1592463850975037, 3.1615068137645723, 3.165007623195648, 3.1633452968597413, 3.1604829547405244, 3.1607274436950683, 3.1627533037662507, 3.1620801305770874, 3.1636061956882475, 3.1611030595302583, 3.1588505859375, 3.158378428220749, 3.157527638196945, 3.1577485270500185, 3.169232774734497, 3.1692027475833893, 3.1679865305423736, 3.167679734945297, 3.167218465566635, 3.162587452173233, 3.162516125917435, 3.162247358560562, 3.166020848274231, 3.185945123910904, 3.1694032554626466, 3.1639513027668, 3.1624091031551362, 3.1592797949314115, 3.159615653991699, 3.1581930515766143, 3.14807036113739, 3.146193572998047, 3.14879505610466, 3.1473733820915224, 3.147329423427582, 3.148200467824936, 3.1478456904888152, 3.1489380407333374, 3.1485891654468574]",3.1556605422724138,"(0.941, 0.64, 0.001)","(0.0, 0.0, 0.0)","(0.0, 0.0, 0.0)"
9,0,"[3.505011554002762, 3.504184766292572, 3.503879445075989, 3.5044668402671815, 3.5042627675533295, 3.5044437797069548, 3.5043193037509917, 3.504434303998947, 3.504200877189636, 3.5045223107337953, 3.504296133518219, 3.504159194946289, 3.503893917322159, 3.5038527824878694, 3.5038015205860136, 3.504385397195816, 3.5042211933135987, 3.5041252624988557, 3.5040190968513487, 3.5046493225097657, 3.5043736090660094, 3.5041583647727967, 3.5039446523189546, 3.5041414585113526, 3.5041431982517244, 3.5044428129196166, 3.504281574010849, 3.5044324679374697, 3.504185754776001, 3.5039118745326996, 3.5040799365043642, 3.5041665482521056, 3.5040126640796663, 3.5039869985580445, 3.5043906450271605, 3.503857351064682, 3.503964574575424, 3.503919548034668, 3.5044568741321562, 3.504084296941757, 3.5042989253997803, 3.503794106245041, 3.5039868824481966, 3.504415599822998, 3.5038484909534455, 3.5040770888328554, 3.5041677465438843, 3.5041698634624483, 3.504262827396393, 3.5043571786880494, 3.504001582622528, 3.504190178155899, 3.5041531660556795, 3.5041807761192323, 3.5046954033374784, 3.504391256809235, 3.504066346168518, 3.5043399624824523, 3.504306882619858, 3.5038031952381132, 3.5043854203224183, 3.504481411457062, 3.504225967884064, 3.503825968503952, 3.5039249365329743, 3.504129505634308, 3.5041942698955535, 3.504125394105911, 3.504050327539444, 3.5045591127872466, 3.5039139197657283]",3.5041187293212452,"(0.0, 0.0, 0.0)","(0.0, 0.0, 0.0)","(0.0, 0.0, 0.0)"
9,1,"[3.505370843887329, 3.5041941816806794, 3.5038840048313142, 3.5044691700935364, 3.5042645037174225, 3.5044447345733643, 3.5042032516002655, 3.504434805393219, 3.504200996875763, 3.5045222520828245, 3.504296081542969, 3.504159178972244, 3.5038938114643097, 3.503852752685547, 3.5038015167713166, 3.504385397195816, 3.5042211933135987, 3.5041252624988557, 3.5040190968513487, 3.5046493225097657, 3.5043736090660094, 3.5041583647727967, 3.5039446523189546, 3.5041414585113526, 3.5041431982517244, 3.5044428129196166, 3.504281574010849, 3.5044324679374697, 3.504185754776001, 3.5039118745326996, 3.5040799365043642, 3.5041665482521056, 3.5040126640796663, 3.5039869985580445, 3.5043906450271605, 3.503857351064682, 3.503964574575424, 3.503919548034668, 3.5044568741321562, 3.504084296941757, 3.5042989253997803, 3.503794106245041, 3.5039868824481966, 3.504415599822998, 3.5038484909534455, 3.504077089071274, 3.5041677465438843, 3.5041698634624483, 3.504262827396393, 3.504357178926468, 3.504001582622528, 3.504190178155899, 3.5041531660556795, 3.5041807761192323, 3.5046954033374784, 3.504391256809235, 3.5040663459300996, 3.5043399624824523, 3.504306882381439, 3.503803195476532, 3.5043854207992555, 3.504481411457062, 3.504225967884064, 3.503825968503952, 3.5039249365329743, 3.504129505634308, 3.5041942698955535, 3.504125394105911, 3.504050327539444, 3.5045591127872466, 3.5039139197657283]",3.5041187293822764,"(0.0, 0.0, 0.0)","(0.0, 0.0, 0.0)","(0.0, 0.0, 0.0)"
9,2,"[3.505511068820953, 3.5041977653503418, 3.451503173112869, 3.382578414440155, 3.5042673234939574, 3.504447098016739, 3.50420493721962, 3.504435759305954, 3.5042020406723022, 3.5045229530334474, 3.504296299934387, 3.504159236431122, 3.503893980741501, 3.503853043317795, 3.5038017933368684, 3.5043854947090147, 3.504221214771271, 3.5041252641677856, 3.5040190968513487, 3.5046493225097657, 3.5043736090660094, 3.5041583647727967, 3.5039446523189546, 3.5041414585113526, 3.5041431982517244, 3.5044428129196166, 3.504281574010849, 3.5044324679374697, 3.504185754776001, 3.5039118745326996, 3.5040799365043642, 3.5041665482521056, 3.5040126640796663, 3.5039869985580445, 3.5043906450271605, 3.503857351064682, 3.503964574575424, 3.503919548034668, 3.5044568741321562, 3.504084296941757, 3.5042989253997803, 3.503794106245041, 3.5039868824481966, 3.504415599822998, 3.5038484909534455, 3.5040770888328554, 3.5041677465438843, 3.5041698634624483, 3.504262827396393, 3.5043571786880494, 3.504001582622528, 3.504190178155899, 3.5041531660556795, 3.5041807761192323, 3.5046954033374784, 3.504391256809235, 3.5040663459300996, 3.5043399624824523, 3.504306882381439, 3.5038031952381132, 3.5043854203224183, 3.504481411457062, 3.5042259676456453, 3.503825968503952, 3.5039249365329743, 3.504129505634308, 3.5041942698955535, 3.5041253945827484, 3.504050327539444, 3.5045591127872466, 3.503913919004008]",3.5041187292907297,"(0.0, 0.0, 0.0)","(0.0, 0.0, 0.0)","(0.0, 0.0, 0.0)"
9,3,"[3.5053839805126192, 3.504192654371262, 3.503881182193756, 3.5044672665596006, 3.5042626526355742, 3.5044436964988708, 3.5042026119232177, 3.5044340624809265, 3.5042007822990415, 3.5045221593379976, 3.5042959191799166, 3.5041588613986967, 3.5038936233520506, 3.5038527164459228, 3.5038015162944793, 3.504385397195816, 3.5042211933135987, 3.5041252624988557, 3.504020501613617, 3.5046493241786956, 3.5043736095428466, 3.5041583650112154, 3.5039446523189546, 3.5041414585113526, 3.5041431982517244, 3.5044428129196166, 3.504281574010849, 3.5044324684143064, 3.504185754776001, 3.5039118745326996, 3.5040799367427824, 3.5041665482521056, 3.5040126640796663, 3.5039869985580445, 3.5043906450271605, 3.5038573513031004, 3.503964574575424, 3.5039195482730867, 3.5044568741321562, 3.5040842971801758, 3.5042989253997803, 3.503794106245041, 3.503986882686615, 3.504415599822998, 3.5038484909534455, 3.5040770888328554, 3.5041677465438843, 3.5041698634624483, 3.504262827396393, 3.5043571786880494, 3.504001582622528, 3.504190178155899, 3.5041531660556795, 3.5041807761192323, 3.504695403575897, 3.504391256809235, 3.5040663459300996, 3.5043399624824523, 3.504306882619858, 3.5038031952381132, 3.5043854203224183, 3.504481411457062, 3.5042259676456453, 3.503825968503952, 3.5039249365329743, 3.504129505634308, 3.5041942698955535, 3.504125394105911, 3.504050327539444, 3.5045591127872466, 3.503913919004008]",3.5041187292907297,"(0.0, 0.0, 0.0)","(0.0, 0.0, 0.0)","(0.0, 0.0, 0.0)"
9,4,"[3.3015517847537996, 3.2479754891395567, 3.2202688562870025, 3.1851890802383425, 3.184257237672806, 3.1837701122760773, 3.1834672865867613, 3.183394379854202, 3.1834511172771456, 3.1851901924610138, 3.186253947496414, 3.202444839477539, 3.202276883840561, 3.2023354952335357, 3.2022757346630097, 3.2022706255912783, 3.202116103887558, 3.202002197980881, 3.2024420280456543, 3.2026711180210112, 3.202407233953476, 3.2015296812057494, 3.202111271619797, 3.2022460310459135, 3.2024967978000642, 3.202871717453003, 3.2022539954185487, 3.20197323679924, 3.2024701998233795, 3.202487668275833, 3.2012424619197843, 3.1941232874393464, 3.1939387531280516, 3.1917550208568573, 3.19208261847496, 3.1912849779129027, 3.191664661407471, 3.1918518030643463, 3.191642652988434, 3.1916560697555543, 3.192084794282913, 3.19163841176033, 3.1916544404029845, 3.191035605430603, 3.1909559853076934, 3.199509455919266, 3.1919606261253355, 3.1916802911758424, 3.191773828268051, 3.193463433265686, 3.1922229828834534, 3.1919058380126955, 3.192205888271332, 3.191218450546265, 3.1920243117809295, 3.1914364013671874, 3.1916019608974455, 3.1916057572364807, 3.191198004722595, 3.19099619102478, 3.1933722608089448, 3.192037044763565, 3.191493586063385, 3.1912802698612213, 3.1916845042705537, 3.1912184925079345, 3.1920828216075896, 3.1921146175861357, 3.191772726535797, 3.191976455450058, 3.1915237736016415]",3.1915450565765844,"(0.985, 0.023, 0.0)","(0.0, 0.0, 0.0)","(0.0, 0.0, 0.0)"
10,0,"[3.505686953544617, 3.5041576588153838, 3.50388721370697, 3.5044701726436616, 3.5042653021812438, 3.504445161819458, 3.5042034885883333, 3.5044348216056824, 3.504201251745224, 3.504522268295288, 3.50429611158371, 3.5041591501235962, 3.5038938903808594, 3.5038527677059172, 3.5038015439510346, 3.504385397195816, 3.5042211933135987, 3.5041252624988557, 3.5040190968513487, 3.5046493225097657, 3.5043736090660094, 3.5041583647727967, 3.5039446523189546, 3.5041414585113526, 3.5041431982517244, 3.5044428129196166, 3.504281574010849, 3.5044324679374697, 3.504185754776001, 3.5039118745326996, 3.5040799365043642, 3.5041665482521056, 3.5040126640796663, 3.5039869985580445, 3.5043906450271605, 3.503857351064682, 3.503964574575424, 3.503919548034668, 3.5044568741321562, 3.504084296941757, 3.5042989253997803, 3.503794106245041, 3.5039868824481966, 3.504415599822998, 3.5038484909534455, 3.5040770888328554, 3.5041677465438843, 3.5041698634624483, 3.504262827396393, 3.5043571786880494, 3.504001582622528, 3.504190178155899, 3.5041531660556795, 3.5041807761192323, 3.5046954033374784, 3.504391256809235, 3.5040663459300996, 3.5043399624824523, 3.504306882381439, 3.5038031952381132, 3.5043854203224183, 3.504481411457062, 3.5042259676456453, 3.503825968503952, 3.5039249365329743, 3.504129505634308, 3.5041942698955535, 3.504125394105911, 3.504050327539444, 3.5045591127872466, 3.503913919004008]",3.5041187292907297,"(0.0, 0.0, 0.0)","(0.0, 0.0, 0.0)","(0.0, 0.0, 0.0)"
10,1,"[3.507516471862793, 3.5041826546192167, 3.5038790109157563, 3.504466925382614, 3.5042627003192903, 3.5044439454078673, 3.5042029790878297, 3.504434224128723, 3.504200820207596, 3.504522203683853, 3.504296089887619, 3.5041591103076937, 3.503893666744232, 3.5038527171611786, 3.5038015162944793, 3.504385397195816, 3.5042211933135987, 3.5041252624988557, 3.5040190968513487, 3.5046493225097657, 3.5043736090660094, 3.5041583647727967, 3.5039446523189546, 3.5041414585113526, 3.5041431982517244, 3.5044428129196166, 3.504281574010849, 3.5044324679374697, 3.504185754776001, 3.5039118745326996, 3.5040799365043642, 3.5041665482521056, 3.5040126640796663, 3.5039869985580445, 3.5043906450271605, 3.503857351064682, 3.503964574575424, 3.503919548034668, 3.5044568741321562, 3.504084296941757, 3.5042989253997803, 3.503794106245041, 3.5039868824481966, 3.504415599822998, 3.5038484909534455, 3.5040770888328554, 3.5041677465438843, 3.5041698634624483, 3.504262827396393, 3.5043571786880494, 3.504001582622528, 3.504190178155899, 3.504153166294098, 3.5041807761192323, 3.5046954033374784, 3.504391256809235, 3.5040663459300996, 3.5043399624824523, 3.504306882381439, 3.503814785480499, 3.5043854207992555, 3.5044814119338987, 3.5042259683609007, 3.5038259689807894, 3.5039249365329743, 3.504129505634308, 3.5041942698955535, 3.504125394105911, 3.5040503277778625, 3.5045591130256653, 3.503913919004008]",3.5041187292907297,"(0.0, 0.0, 0.0)","(0.0, 0.0, 0.0)","(0.0, 0.0, 0.0)"
10,2,"[3.505037372112274, 3.5041846117973328, 3.50387904548645, 3.5044664924144744, 3.504262349843979, 3.50444358587265, 3.504202519416809, 3.5044340496063233, 3.504200773715973, 3.5045221688747406, 3.504295939922333, 3.5041588547229767, 3.5038936223983765, 3.5038527166843414, 3.5038015162944793, 3.504385397195816, 3.5042211933135987, 3.5041252624988557, 3.5040190968513487, 3.5046493225097657, 3.5043736090660094, 3.5041583647727967, 3.5039446523189546, 3.5041414585113526, 3.5041431982517244, 3.5044428129196166, 3.504281574010849, 3.5044324679374697, 3.504185754776001, 3.5039118745326996, 3.5040799365043642, 3.5041665482521056, 3.5040126640796663, 3.5039869985580445, 3.5043906450271605, 3.503857351064682, 3.503964574575424, 3.503919548034668, 3.5044568741321562, 3.504084296941757, 3.5042989253997803, 3.5037941064834595, 3.5039868824481966, 3.504415599822998, 3.5038484909534455, 3.5040770888328554, 3.5041677465438843, 3.5041698634624483, 3.504262827396393, 3.5043571786880494, 3.504001582622528, 3.504190178155899, 3.5041531660556795, 3.5041807758808137, 3.5046954033374784, 3.504391256809235, 3.5040663459300996, 3.5043399624824523, 3.504306882381439, 3.5038031952381132, 3.5043854203224183, 3.504481411457062, 3.5042259676456453, 3.503825968503952, 3.5039249365329743, 3.504129505634308, 3.5041942698955535, 3.504125394105911, 3.504050327539444, 3.5045591127872466, 3.503913919004008]",3.504118729260214,"(0.0, 0.0, 0.0)","(0.0, 0.0, 0.0)","(0.0, 0.0, 0.0)"
10,3,"[3.426080329656601, 3.3797774181365967, 3.379590130567551, 3.4792614760398863, 3.5042641673088073, 3.504444685935974, 3.5042033689022065, 3.504434887647629, 3.5042012660503388, 3.504522296667099, 3.5042961370944976, 3.504159151315689, 3.5038939433097838, 3.503852830886841, 3.5038015575408936, 3.504385398864746, 3.5042211933135987, 3.5041252624988557, 3.5040190968513487, 3.5046493225097657, 3.5043736090660094, 3.5041583647727967, 3.5039446523189546, 3.5041414585113526, 3.5041431982517244, 3.5044428129196166, 3.504281574010849, 3.5044324679374697, 3.504185754776001, 3.5039118745326996, 3.5040799365043642, 3.5041665482521056, 3.5040126640796663, 3.5039869985580445, 3.5043906450271605, 3.503857351064682, 3.503964574575424, 3.503919548034668, 3.5044568741321562, 3.504084296941757, 3.5042989253997803, 3.503794106245041, 3.5039868824481966, 3.504415599822998, 3.5038484909534455, 3.5040770888328554, 3.5041677465438843, 3.5041698634624483, 3.504262827396393, 3.5043571786880494, 3.504001582622528, 3.504190178155899, 3.5041531660556795, 3.5041807761192323, 3.5046954033374784, 3.504391256809235, 3.5040663459300996, 3.5043399624824523, 3.504306882381439, 3.5038031952381132, 3.5043854203224183, 3.504481411457062, 3.5042259676456453, 3.503825968503952, 3.5039249365329743, 3.504129505634308, 3.5041942698955535, 3.504125394105911, 3.504050327539444, 3.5045591127872466, 3.503913919004008]",3.5041187292907297,"(0.0, 0.0, 0.0)","(0.0, 0.0, 0.0)","(0.0, 0.0, 0.0)"
10,4,"[3.5050333652496337, 3.5041829233169555, 3.50387873339653, 3.5044664788246154, 3.5042624480724336, 3.5044436902999876, 3.5042026569843294, 3.50443407201767, 3.5042008056640626, 3.5045221652984617, 3.5042960076332093, 3.5041588847637177, 3.5038936228752138, 3.5038527164459228, 3.5038015162944793, 3.504385397195816, 3.5042211933135987, 3.5041252624988557, 3.5040190968513487, 3.5046493225097657, 3.5043736090660094, 3.5041583647727967, 3.5039446523189546, 3.5041414585113526, 3.5041431982517244, 3.5044428129196166, 3.504281574010849, 3.5044324679374697, 3.504185754776001, 3.5039118745326996, 3.5040799365043642, 3.5041665482521056, 3.5040126640796663, 3.5039869985580445, 3.504390645265579, 3.503857351064682, 3.503964574575424, 3.503919548034668, 3.5044568741321562, 3.504084296941757, 3.5042989253997803, 3.503794106245041, 3.5039868824481966, 3.504415599822998, 3.5038484909534455, 3.5040770888328554, 3.5041677465438843, 3.5041698634624483, 3.504262827396393, 3.504357178926468, 3.504001582622528, 3.504190178155899, 3.5041531660556795, 3.5041807761192323, 3.5046954033374784, 3.504391256809235, 3.5040663459300996, 3.5043399624824523, 3.504306882381439, 3.5038031952381132, 3.5043854203224183, 3.504481411457062, 3.5042259676456453, 3.503825968503952, 3.5039249365329743, 3.504129505634308, 3.5041942698955535, 3.504125394105911, 3.504050327539444, 3.5045591127872466, 3.503913919004008]",3.504118729260214,"(0.0, 0.0, 0.0)","(0.0, 0.0, 0.0)","(0.0, 0.0, 0.0)"
